99cfdf6a-8b64-44b1-b38e-c831f77d552d;2018-03-12T11:10:00Z;97;97;97;97;3;
99cfdf6a-8b64-44b1-b38e-c831f77d552d;2018-03-12T11:47:00Z;96.91;96.9;96.91;96.9;1308;
99cfdf6a-8b64-44b1-b38e-c831f77d552d;2018-03-12T11:50:00Z;96.88;96.88;96.88;96.88;200;
99cfdf6a-8b64-44b1-b38e-c831f77d552d;2018-03-12T11:52:00Z;96.78;96.78;96.78;96.78;200;
99cfdf6a-8b64-44b1-b38e-c831f77d552d;2018-03-12T11:58:00Z;96.8;96.8;96.8;96.8;500;
99cfdf6a-8b64-44b1-b38e-c831f77d552d;2018-03-12T12:13:00Z;96.81;96.81;96.81;96.81;100;
99cfdf6a-8b64-44b1-b38e-c831f77d552d;2018-03-12T12:21:00Z;96.84;96.8;96.84;96.8;28;
99cfdf6a-8b64-44b1-b38e-c831f77d552d;2018-03-12T12:23:00Z;96.79;96.79;96.79;96.79;100;
99cfdf6a-8b64-44b1-b38e-c831f77d552d;2018-03-12T12:24:00Z;96.79;96.79;96.79;96.79;100;
99cfdf6a-8b64-44b1-b38e-c831f77d552d;2018-03-12T12:25:00Z;96.79;96.8;96.8;96.79;125;
99cfdf6a-8b64-44b1-b38e-c831f77d552d;2018-03-12T12:26:00Z;96.8;96.8;96.8;96.8;252;
99cfdf6a-8b64-44b1-b38e-c831f77d552d;2018-03-12T12:28:00Z;96.75;96.75;96.75;96.75;100;
99cfdf6a-8b64-44b1-b38e-c831f77d552d;2018-03-12T12:40:00Z;96.73;96.72;96.73;96.72;1125;
99cfdf6a-8b64-44b1-b38e-c831f77d552d;2018-03-12T12:41:00Z;96.72;96.75;96.78;96.72;2675;
99cfdf6a-8b64-44b1-b38e-c831f77d552d;2018-03-12T12:42:00Z;96.78;96.8;96.8;96.78;247;
99cfdf6a-8b64-44b1-b38e-c831f77d552d;2018-03-12T12:46:00Z;96.82;96.82;96.82;96.82;60;
99cfdf6a-8b64-44b1-b38e-c831f77d552d;2018-03-12T12:49:00Z;96.81;96.81;96.81;96.81;244;
99cfdf6a-8b64-44b1-b38e-c831f77d552d;2018-03-12T13:01:00Z;96.8;96.8;96.8;96.8;16;
99cfdf6a-8b64-44b1-b38e-c831f77d552d;2018-03-12T13:06:00Z;96.8;96.8;96.8;96.8;100;
99cfdf6a-8b64-44b1-b38e-c831f77d552d;2018-03-12T13:09:00Z;96.79;96.75;96.79;96.75;700;
99cfdf6a-8b64-44b1-b38e-c831f77d552d;2018-03-12T13:11:00Z;96.77;96.77;96.77;96.77;1;
99cfdf6a-8b64-44b1-b38e-c831f77d552d;2018-03-12T13:13:00Z;96.79;96.7;96.97;96.7;3996;
99cfdf6a-8b64-44b1-b38e-c831f77d552d;2018-03-12T13:14:00Z;96.73;96.73;96.73;96.73;107;
99cfdf6a-8b64-44b1-b38e-c831f77d552d;2018-03-12T13:17:00Z;96.71;96.7;96.71;96.7;76;
99cfdf6a-8b64-44b1-b38e-c831f77d552d;2018-03-12T13:22:00Z;96.75;96.75;96.75;96.75;1;
99cfdf6a-8b64-44b1-b38e-c831f77d552d;2018-03-12T13:27:00Z;96.73;96.73;96.73;96.73;100;
99cfdf6a-8b64-44b1-b38e-c831f77d552d;2018-03-12T13:28:00Z;96.54;96.52;96.65;96.4;7887;
99cfdf6a-8b64-44b1-b38e-c831f77d552d;2018-03-12T13:29:00Z;96.6;96.48;96.6;96.48;10864;
99cfdf6a-8b64-44b1-b38e-c831f77d552d;2018-03-12T13:30:00Z;96.57;96.25;96.64;96.24;650588;
99cfdf6a-8b64-44b1-b38e-c831f77d552d;2018-03-12T13:31:00Z;96.28;96.09;96.29;96.05;50098;
99cfdf6a-8b64-44b1-b38e-c831f77d552d;2018-03-12T13:32:00Z;96.1;96.31;96.31;96.1;37878;
99cfdf6a-8b64-44b1-b38e-c831f77d552d;2018-03-12T13:33:00Z;96.32;96.52;96.52;96.31;26743;
99cfdf6a-8b64-44b1-b38e-c831f77d552d;2018-03-12T13:34:00Z;96.53;96.49;96.53;96.44;30317;
99cfdf6a-8b64-44b1-b38e-c831f77d552d;2018-03-12T13:35:00Z;96.48;96.64;96.65;96.48;21930;
99cfdf6a-8b64-44b1-b38e-c831f77d552d;2018-03-12T13:36:00Z;96.63;96.66;96.68;96.54;17633;
99cfdf6a-8b64-44b1-b38e-c831f77d552d;2018-03-12T13:37:00Z;96.66;96.61;96.68;96.61;11454;
99cfdf6a-8b64-44b1-b38e-c831f77d552d;2018-03-12T13:38:00Z;96.6;96.75;96.76;96.57;37432;
99cfdf6a-8b64-44b1-b38e-c831f77d552d;2018-03-12T13:39:00Z;96.75;96.77;96.81;96.74;61682;
99cfdf6a-8b64-44b1-b38e-c831f77d552d;2018-03-12T13:40:00Z;96.76;96.69;96.78;96.69;19221;
99cfdf6a-8b64-44b1-b38e-c831f77d552d;2018-03-12T13:41:00Z;96.68;96.66;96.79;96.66;17022;
99cfdf6a-8b64-44b1-b38e-c831f77d552d;2018-03-12T13:42:00Z;96.67;96.67;96.74;96.66;29611;
99cfdf6a-8b64-44b1-b38e-c831f77d552d;2018-03-12T13:43:00Z;96.67;96.71;96.73;96.64;21074;
99cfdf6a-8b64-44b1-b38e-c831f77d552d;2018-03-12T13:44:00Z;96.72;96.77;96.8;96.72;22583;
99cfdf6a-8b64-44b1-b38e-c831f77d552d;2018-03-12T13:45:00Z;96.78;96.83;96.85;96.78;17435;
99cfdf6a-8b64-44b1-b38e-c831f77d552d;2018-03-12T13:46:00Z;96.83;96.81;96.86;96.79;20547;
99cfdf6a-8b64-44b1-b38e-c831f77d552d;2018-03-12T13:47:00Z;96.81;96.82;96.86;96.8;15129;
99cfdf6a-8b64-44b1-b38e-c831f77d552d;2018-03-12T13:48:00Z;96.83;96.73;96.83;96.73;14143;
99cfdf6a-8b64-44b1-b38e-c831f77d552d;2018-03-12T13:49:00Z;96.73;96.75;96.75;96.69;37397;
99cfdf6a-8b64-44b1-b38e-c831f77d552d;2018-03-12T13:50:00Z;96.76;96.72;96.78;96.7;12008;
99cfdf6a-8b64-44b1-b38e-c831f77d552d;2018-03-12T13:51:00Z;96.71;96.77;96.8;96.7;12682;
99cfdf6a-8b64-44b1-b38e-c831f77d552d;2018-03-12T13:52:00Z;96.77;96.71;96.77;96.71;15212;
99cfdf6a-8b64-44b1-b38e-c831f77d552d;2018-03-12T13:53:00Z;96.71;96.84;96.84;96.7;18069;
99cfdf6a-8b64-44b1-b38e-c831f77d552d;2018-03-12T13:54:00Z;96.84;96.81;96.86;96.81;13065;
99cfdf6a-8b64-44b1-b38e-c831f77d552d;2018-03-12T13:55:00Z;96.8;96.77;96.83;96.76;12778;
99cfdf6a-8b64-44b1-b38e-c831f77d552d;2018-03-12T13:56:00Z;96.77;96.77;96.79;96.77;7441;
99cfdf6a-8b64-44b1-b38e-c831f77d552d;2018-03-12T13:57:00Z;96.78;96.82;96.83;96.78;9020;
99cfdf6a-8b64-44b1-b38e-c831f77d552d;2018-03-12T13:58:00Z;96.81;96.85;96.85;96.8;14290;
99cfdf6a-8b64-44b1-b38e-c831f77d552d;2018-03-12T13:59:00Z;96.85;96.88;96.91;96.85;17546;
99cfdf6a-8b64-44b1-b38e-c831f77d552d;2018-03-12T14:00:00Z;96.89;96.85;96.9;96.85;19744;
99cfdf6a-8b64-44b1-b38e-c831f77d552d;2018-03-12T14:01:00Z;96.85;96.83;96.85;96.81;14364;
99cfdf6a-8b64-44b1-b38e-c831f77d552d;2018-03-12T14:02:00Z;96.84;96.81;96.84;96.8;18832;
99cfdf6a-8b64-44b1-b38e-c831f77d552d;2018-03-12T14:03:00Z;96.8;96.82;96.83;96.8;53354;
99cfdf6a-8b64-44b1-b38e-c831f77d552d;2018-03-12T14:04:00Z;96.81;96.75;96.82;96.75;46093;
99cfdf6a-8b64-44b1-b38e-c831f77d552d;2018-03-12T14:05:00Z;96.74;96.65;96.74;96.59;26416;
99cfdf6a-8b64-44b1-b38e-c831f77d552d;2018-03-12T14:06:00Z;96.66;96.62;96.71;96.62;18205;
99cfdf6a-8b64-44b1-b38e-c831f77d552d;2018-03-12T14:07:00Z;96.61;96.56;96.61;96.54;15045;
99cfdf6a-8b64-44b1-b38e-c831f77d552d;2018-03-12T14:08:00Z;96.56;96.56;96.62;96.55;12112;
99cfdf6a-8b64-44b1-b38e-c831f77d552d;2018-03-12T14:09:00Z;96.56;96.48;96.56;96.45;19973;
99cfdf6a-8b64-44b1-b38e-c831f77d552d;2018-03-12T14:10:00Z;96.49;96.51;96.52;96.44;22982;
99cfdf6a-8b64-44b1-b38e-c831f77d552d;2018-03-12T14:11:00Z;96.52;96.53;96.58;96.52;7959;
99cfdf6a-8b64-44b1-b38e-c831f77d552d;2018-03-12T14:12:00Z;96.52;96.56;96.56;96.5;15162;
99cfdf6a-8b64-44b1-b38e-c831f77d552d;2018-03-12T14:13:00Z;96.56;96.59;96.61;96.56;14403;
99cfdf6a-8b64-44b1-b38e-c831f77d552d;2018-03-12T14:14:00Z;96.6;96.62;96.66;96.6;12810;
99cfdf6a-8b64-44b1-b38e-c831f77d552d;2018-03-12T14:15:00Z;96.62;96.65;96.67;96.58;21113;
99cfdf6a-8b64-44b1-b38e-c831f77d552d;2018-03-12T14:16:00Z;96.65;96.65;96.66;96.64;7007;
99cfdf6a-8b64-44b1-b38e-c831f77d552d;2018-03-12T14:17:00Z;96.65;96.54;96.68;96.53;26930;
99cfdf6a-8b64-44b1-b38e-c831f77d552d;2018-03-12T14:18:00Z;96.54;96.46;96.54;96.44;21579;
99cfdf6a-8b64-44b1-b38e-c831f77d552d;2018-03-12T14:19:00Z;96.46;96.51;96.52;96.46;12413;
99cfdf6a-8b64-44b1-b38e-c831f77d552d;2018-03-12T14:20:00Z;96.51;96.62;96.62;96.51;20123;
99cfdf6a-8b64-44b1-b38e-c831f77d552d;2018-03-12T14:21:00Z;96.62;96.66;96.67;96.61;11218;
99cfdf6a-8b64-44b1-b38e-c831f77d552d;2018-03-12T14:22:00Z;96.66;96.66;96.67;96.63;11230;
99cfdf6a-8b64-44b1-b38e-c831f77d552d;2018-03-12T14:23:00Z;96.66;96.61;96.66;96.61;6841;
99cfdf6a-8b64-44b1-b38e-c831f77d552d;2018-03-12T14:24:00Z;96.6;96.55;96.6;96.53;18185;
99cfdf6a-8b64-44b1-b38e-c831f77d552d;2018-03-12T14:25:00Z;96.55;96.59;96.59;96.54;8595;
99cfdf6a-8b64-44b1-b38e-c831f77d552d;2018-03-12T14:26:00Z;96.58;96.63;96.63;96.56;15775;
99cfdf6a-8b64-44b1-b38e-c831f77d552d;2018-03-12T14:27:00Z;96.64;96.63;96.65;96.6;11442;
99cfdf6a-8b64-44b1-b38e-c831f77d552d;2018-03-12T14:28:00Z;96.64;96.64;96.66;96.63;8258;
99cfdf6a-8b64-44b1-b38e-c831f77d552d;2018-03-12T14:29:00Z;96.63;96.6;96.64;96.58;13854;
99cfdf6a-8b64-44b1-b38e-c831f77d552d;2018-03-12T14:30:00Z;96.6;96.5;96.6;96.48;19265;
99cfdf6a-8b64-44b1-b38e-c831f77d552d;2018-03-12T14:31:00Z;96.49;96.49;96.52;96.48;11991;
99cfdf6a-8b64-44b1-b38e-c831f77d552d;2018-03-12T14:32:00Z;96.48;96.53;96.54;96.48;13864;
99cfdf6a-8b64-44b1-b38e-c831f77d552d;2018-03-12T14:33:00Z;96.53;96.48;96.53;96.44;16318;
99cfdf6a-8b64-44b1-b38e-c831f77d552d;2018-03-12T14:34:00Z;96.48;96.39;96.49;96.37;18657;
99cfdf6a-8b64-44b1-b38e-c831f77d552d;2018-03-12T14:35:00Z;96.39;96.36;96.41;96.34;15843;
99cfdf6a-8b64-44b1-b38e-c831f77d552d;2018-03-12T14:36:00Z;96.36;96.36;96.38;96.34;8581;
99cfdf6a-8b64-44b1-b38e-c831f77d552d;2018-03-12T14:37:00Z;96.37;96.44;96.44;96.34;11540;
99cfdf6a-8b64-44b1-b38e-c831f77d552d;2018-03-12T14:38:00Z;96.45;96.43;96.45;96.43;7697;
99cfdf6a-8b64-44b1-b38e-c831f77d552d;2018-03-12T14:39:00Z;96.43;96.4;96.43;96.39;11309;
99cfdf6a-8b64-44b1-b38e-c831f77d552d;2018-03-12T14:40:00Z;96.4;96.42;96.47;96.4;18812;
99cfdf6a-8b64-44b1-b38e-c831f77d552d;2018-03-12T14:41:00Z;96.42;96.37;96.44;96.37;11306;
99cfdf6a-8b64-44b1-b38e-c831f77d552d;2018-03-12T14:42:00Z;96.38;96.45;96.45;96.38;20012;
99cfdf6a-8b64-44b1-b38e-c831f77d552d;2018-03-12T14:43:00Z;96.46;96.51;96.51;96.46;9227;
99cfdf6a-8b64-44b1-b38e-c831f77d552d;2018-03-12T14:44:00Z;96.51;96.49;96.51;96.47;12368;
99cfdf6a-8b64-44b1-b38e-c831f77d552d;2018-03-12T14:45:00Z;96.48;96.46;96.49;96.46;13849;
99cfdf6a-8b64-44b1-b38e-c831f77d552d;2018-03-12T14:46:00Z;96.46;96.48;96.48;96.45;5911;
99cfdf6a-8b64-44b1-b38e-c831f77d552d;2018-03-12T14:47:00Z;96.49;96.47;96.49;96.47;10673;
99cfdf6a-8b64-44b1-b38e-c831f77d552d;2018-03-12T14:48:00Z;96.46;96.48;96.48;96.45;9867;
99cfdf6a-8b64-44b1-b38e-c831f77d552d;2018-03-12T14:49:00Z;96.48;96.52;96.52;96.46;10175;
99cfdf6a-8b64-44b1-b38e-c831f77d552d;2018-03-12T14:50:00Z;96.52;96.56;96.57;96.52;23876;
99cfdf6a-8b64-44b1-b38e-c831f77d552d;2018-03-12T14:51:00Z;96.57;96.52;96.58;96.52;13564;
99cfdf6a-8b64-44b1-b38e-c831f77d552d;2018-03-12T14:52:00Z;96.52;96.4;96.52;96.38;14759;
99cfdf6a-8b64-44b1-b38e-c831f77d552d;2018-03-12T14:53:00Z;96.4;96.3;96.4;96.29;15823;
99cfdf6a-8b64-44b1-b38e-c831f77d552d;2018-03-12T14:54:00Z;96.29;96.29;96.3;96.24;15765;
99cfdf6a-8b64-44b1-b38e-c831f77d552d;2018-03-12T14:55:00Z;96.3;96.28;96.31;96.25;12181;
99cfdf6a-8b64-44b1-b38e-c831f77d552d;2018-03-12T14:56:00Z;96.28;96.29;96.31;96.27;15279;
99cfdf6a-8b64-44b1-b38e-c831f77d552d;2018-03-12T14:57:00Z;96.3;96.3;96.3;96.26;11153;
99cfdf6a-8b64-44b1-b38e-c831f77d552d;2018-03-12T14:58:00Z;96.3;96.32;96.34;96.28;13654;
99cfdf6a-8b64-44b1-b38e-c831f77d552d;2018-03-12T14:59:00Z;96.32;96.31;96.34;96.29;22026;
99cfdf6a-8b64-44b1-b38e-c831f77d552d;2018-03-12T15:00:00Z;96.32;96.32;96.33;96.25;17247;
99cfdf6a-8b64-44b1-b38e-c831f77d552d;2018-03-12T15:01:00Z;96.32;96.36;96.38;96.31;15232;
99cfdf6a-8b64-44b1-b38e-c831f77d552d;2018-03-12T15:02:00Z;96.36;96.46;96.48;96.36;11813;
99cfdf6a-8b64-44b1-b38e-c831f77d552d;2018-03-12T15:03:00Z;96.46;96.46;96.47;96.44;10069;
99cfdf6a-8b64-44b1-b38e-c831f77d552d;2018-03-12T15:04:00Z;96.47;96.45;96.5;96.45;8639;
99cfdf6a-8b64-44b1-b38e-c831f77d552d;2018-03-12T15:05:00Z;96.45;96.35;96.45;96.34;12531;
99cfdf6a-8b64-44b1-b38e-c831f77d552d;2018-03-12T15:06:00Z;96.35;96.33;96.38;96.33;10923;
99cfdf6a-8b64-44b1-b38e-c831f77d552d;2018-03-12T15:07:00Z;96.33;96.3;96.33;96.29;8670;
99cfdf6a-8b64-44b1-b38e-c831f77d552d;2018-03-12T15:08:00Z;96.29;96.27;96.31;96.26;8984;
99cfdf6a-8b64-44b1-b38e-c831f77d552d;2018-03-12T15:09:00Z;96.26;96.23;96.27;96.21;15550;
99cfdf6a-8b64-44b1-b38e-c831f77d552d;2018-03-12T15:10:00Z;96.24;96.26;96.31;96.24;8305;
99cfdf6a-8b64-44b1-b38e-c831f77d552d;2018-03-12T15:11:00Z;96.26;96.22;96.26;96.2;10860;
99cfdf6a-8b64-44b1-b38e-c831f77d552d;2018-03-12T15:12:00Z;96.21;96.22;96.26;96.21;9850;
99cfdf6a-8b64-44b1-b38e-c831f77d552d;2018-03-12T15:13:00Z;96.21;96.22;96.23;96.17;11995;
99cfdf6a-8b64-44b1-b38e-c831f77d552d;2018-03-12T15:14:00Z;96.22;96.21;96.26;96.2;7410;
99cfdf6a-8b64-44b1-b38e-c831f77d552d;2018-03-12T15:15:00Z;96.2;96.16;96.25;96.15;10786;
99cfdf6a-8b64-44b1-b38e-c831f77d552d;2018-03-12T15:16:00Z;96.15;96.2;96.22;96.13;14242;
99cfdf6a-8b64-44b1-b38e-c831f77d552d;2018-03-12T15:17:00Z;96.2;96.2;96.23;96.15;9037;
99cfdf6a-8b64-44b1-b38e-c831f77d552d;2018-03-12T15:18:00Z;96.19;96.19;96.23;96.19;9327;
99cfdf6a-8b64-44b1-b38e-c831f77d552d;2018-03-12T15:19:00Z;96.2;96.22;96.23;96.2;9575;
99cfdf6a-8b64-44b1-b38e-c831f77d552d;2018-03-12T15:20:00Z;96.22;96.21;96.23;96.21;7665;
99cfdf6a-8b64-44b1-b38e-c831f77d552d;2018-03-12T15:21:00Z;96.21;96.22;96.23;96.21;6322;
99cfdf6a-8b64-44b1-b38e-c831f77d552d;2018-03-12T15:22:00Z;96.23;96.17;96.23;96.17;17056;
99cfdf6a-8b64-44b1-b38e-c831f77d552d;2018-03-12T15:23:00Z;96.17;96.15;96.17;96.15;6222;
99cfdf6a-8b64-44b1-b38e-c831f77d552d;2018-03-12T15:24:00Z;96.12;96.09;96.12;96.07;11185;
99cfdf6a-8b64-44b1-b38e-c831f77d552d;2018-03-12T15:25:00Z;96.09;96.09;96.1;96.08;3467;
99cfdf6a-8b64-44b1-b38e-c831f77d552d;2018-03-12T15:26:00Z;96.09;96.13;96.18;96.09;11010;
99cfdf6a-8b64-44b1-b38e-c831f77d552d;2018-03-12T15:27:00Z;96.13;96.11;96.16;96.11;11583;
99cfdf6a-8b64-44b1-b38e-c831f77d552d;2018-03-12T15:28:00Z;96.12;96.25;96.25;96.11;26353;
99cfdf6a-8b64-44b1-b38e-c831f77d552d;2018-03-12T15:29:00Z;96.23;96.23;96.23;96.18;11083;
99cfdf6a-8b64-44b1-b38e-c831f77d552d;2018-03-12T15:30:00Z;96.23;96.25;96.26;96.2;16506;
99cfdf6a-8b64-44b1-b38e-c831f77d552d;2018-03-12T15:31:00Z;96.25;96.26;96.26;96.25;4806;
99cfdf6a-8b64-44b1-b38e-c831f77d552d;2018-03-12T15:32:00Z;96.27;96.29;96.29;96.24;9514;
99cfdf6a-8b64-44b1-b38e-c831f77d552d;2018-03-12T15:33:00Z;96.29;96.28;96.29;96.24;10159;
99cfdf6a-8b64-44b1-b38e-c831f77d552d;2018-03-12T15:34:00Z;96.27;96.34;96.36;96.25;16135;
99cfdf6a-8b64-44b1-b38e-c831f77d552d;2018-03-12T15:35:00Z;96.35;96.31;96.35;96.29;5600;
99cfdf6a-8b64-44b1-b38e-c831f77d552d;2018-03-12T15:36:00Z;96.32;96.39;96.4;96.32;11072;
99cfdf6a-8b64-44b1-b38e-c831f77d552d;2018-03-12T15:37:00Z;96.41;96.36;96.41;96.35;7632;
99cfdf6a-8b64-44b1-b38e-c831f77d552d;2018-03-12T15:38:00Z;96.36;96.34;96.37;96.33;6210;
99cfdf6a-8b64-44b1-b38e-c831f77d552d;2018-03-12T15:39:00Z;96.33;96.34;96.35;96.31;5832;
99cfdf6a-8b64-44b1-b38e-c831f77d552d;2018-03-12T15:40:00Z;96.34;96.41;96.45;96.34;12681;
99cfdf6a-8b64-44b1-b38e-c831f77d552d;2018-03-12T15:41:00Z;96.4;96.42;96.44;96.39;6662;
99cfdf6a-8b64-44b1-b38e-c831f77d552d;2018-03-12T15:42:00Z;96.41;96.35;96.41;96.34;7004;
99cfdf6a-8b64-44b1-b38e-c831f77d552d;2018-03-12T15:43:00Z;96.35;96.4;96.4;96.35;18640;
99cfdf6a-8b64-44b1-b38e-c831f77d552d;2018-03-12T15:44:00Z;96.41;96.42;96.44;96.38;14539;
99cfdf6a-8b64-44b1-b38e-c831f77d552d;2018-03-12T15:45:00Z;96.43;96.42;96.49;96.41;7751;
99cfdf6a-8b64-44b1-b38e-c831f77d552d;2018-03-12T15:46:00Z;96.42;96.42;96.44;96.41;5337;
99cfdf6a-8b64-44b1-b38e-c831f77d552d;2018-03-12T15:47:00Z;96.43;96.41;96.43;96.4;4951;
99cfdf6a-8b64-44b1-b38e-c831f77d552d;2018-03-12T15:48:00Z;96.42;96.4;96.45;96.4;5176;
99cfdf6a-8b64-44b1-b38e-c831f77d552d;2018-03-12T15:49:00Z;96.4;96.38;96.4;96.36;12695;
99cfdf6a-8b64-44b1-b38e-c831f77d552d;2018-03-12T15:50:00Z;96.37;96.36;96.37;96.36;4634;
99cfdf6a-8b64-44b1-b38e-c831f77d552d;2018-03-12T15:51:00Z;96.35;96.31;96.35;96.31;9165;
99cfdf6a-8b64-44b1-b38e-c831f77d552d;2018-03-12T15:52:00Z;96.31;96.39;96.4;96.31;13872;
99cfdf6a-8b64-44b1-b38e-c831f77d552d;2018-03-12T15:53:00Z;96.38;96.48;96.48;96.36;12324;
99cfdf6a-8b64-44b1-b38e-c831f77d552d;2018-03-12T15:54:00Z;96.48;96.48;96.5;96.45;17118;
99cfdf6a-8b64-44b1-b38e-c831f77d552d;2018-03-12T15:55:00Z;96.48;96.49;96.5;96.47;5890;
99cfdf6a-8b64-44b1-b38e-c831f77d552d;2018-03-12T15:56:00Z;96.5;96.5;96.51;96.49;7572;
99cfdf6a-8b64-44b1-b38e-c831f77d552d;2018-03-12T15:57:00Z;96.5;96.48;96.5;96.47;15037;
99cfdf6a-8b64-44b1-b38e-c831f77d552d;2018-03-12T15:58:00Z;96.49;96.47;96.5;96.47;6937;
99cfdf6a-8b64-44b1-b38e-c831f77d552d;2018-03-12T15:59:00Z;96.47;96.5;96.52;96.46;5678;
99cfdf6a-8b64-44b1-b38e-c831f77d552d;2018-03-12T16:00:00Z;96.5;96.55;96.55;96.5;15866;
99cfdf6a-8b64-44b1-b38e-c831f77d552d;2018-03-12T16:01:00Z;96.55;96.55;96.57;96.54;10560;
99cfdf6a-8b64-44b1-b38e-c831f77d552d;2018-03-12T16:02:00Z;96.56;96.55;96.58;96.53;10910;
99cfdf6a-8b64-44b1-b38e-c831f77d552d;2018-03-12T16:03:00Z;96.55;96.59;96.59;96.55;8898;
99cfdf6a-8b64-44b1-b38e-c831f77d552d;2018-03-12T16:04:00Z;96.6;96.67;96.67;96.6;11588;
99cfdf6a-8b64-44b1-b38e-c831f77d552d;2018-03-12T16:05:00Z;96.67;96.59;96.69;96.59;8557;
99cfdf6a-8b64-44b1-b38e-c831f77d552d;2018-03-12T16:06:00Z;96.59;96.64;96.66;96.59;8631;
99cfdf6a-8b64-44b1-b38e-c831f77d552d;2018-03-12T16:07:00Z;96.64;96.68;96.68;96.64;5063;
99cfdf6a-8b64-44b1-b38e-c831f77d552d;2018-03-12T16:08:00Z;96.69;96.69;96.72;96.68;17512;
99cfdf6a-8b64-44b1-b38e-c831f77d552d;2018-03-12T16:09:00Z;96.7;96.74;96.74;96.69;13047;
99cfdf6a-8b64-44b1-b38e-c831f77d552d;2018-03-12T16:10:00Z;96.73;96.69;96.73;96.68;7161;
99cfdf6a-8b64-44b1-b38e-c831f77d552d;2018-03-12T16:11:00Z;96.69;96.67;96.72;96.67;6928;
99cfdf6a-8b64-44b1-b38e-c831f77d552d;2018-03-12T16:12:00Z;96.66;96.65;96.67;96.65;10703;
99cfdf6a-8b64-44b1-b38e-c831f77d552d;2018-03-12T16:13:00Z;96.66;96.72;96.73;96.66;15150;
99cfdf6a-8b64-44b1-b38e-c831f77d552d;2018-03-12T16:14:00Z;96.72;96.82;96.82;96.72;15504;
99cfdf6a-8b64-44b1-b38e-c831f77d552d;2018-03-12T16:15:00Z;96.82;96.83;96.85;96.79;14765;
99cfdf6a-8b64-44b1-b38e-c831f77d552d;2018-03-12T16:16:00Z;96.83;96.8;96.83;96.79;8957;
99cfdf6a-8b64-44b1-b38e-c831f77d552d;2018-03-12T16:17:00Z;96.81;96.8;96.83;96.79;8492;
99cfdf6a-8b64-44b1-b38e-c831f77d552d;2018-03-12T16:18:00Z;96.8;96.75;96.8;96.75;15483;
99cfdf6a-8b64-44b1-b38e-c831f77d552d;2018-03-12T16:19:00Z;96.75;96.78;96.78;96.73;10491;
99cfdf6a-8b64-44b1-b38e-c831f77d552d;2018-03-12T16:20:00Z;96.78;96.76;96.78;96.72;9004;
99cfdf6a-8b64-44b1-b38e-c831f77d552d;2018-03-12T16:21:00Z;96.77;96.76;96.77;96.76;6300;
99cfdf6a-8b64-44b1-b38e-c831f77d552d;2018-03-12T16:22:00Z;96.75;96.71;96.75;96.7;8484;
99cfdf6a-8b64-44b1-b38e-c831f77d552d;2018-03-12T16:23:00Z;96.71;96.72;96.73;96.7;8222;
99cfdf6a-8b64-44b1-b38e-c831f77d552d;2018-03-12T16:24:00Z;96.73;96.78;96.79;96.73;5511;
99cfdf6a-8b64-44b1-b38e-c831f77d552d;2018-03-12T16:25:00Z;96.77;96.75;96.81;96.75;8437;
99cfdf6a-8b64-44b1-b38e-c831f77d552d;2018-03-12T16:26:00Z;96.76;96.78;96.8;96.75;8995;
99cfdf6a-8b64-44b1-b38e-c831f77d552d;2018-03-12T16:27:00Z;96.77;96.74;96.77;96.72;11119;
99cfdf6a-8b64-44b1-b38e-c831f77d552d;2018-03-12T16:28:00Z;96.73;96.77;96.78;96.73;9080;
99cfdf6a-8b64-44b1-b38e-c831f77d552d;2018-03-12T16:29:00Z;96.78;96.77;96.8;96.74;7908;
99cfdf6a-8b64-44b1-b38e-c831f77d552d;2018-03-12T16:30:00Z;96.76;96.78;96.78;96.74;7477;
99cfdf6a-8b64-44b1-b38e-c831f77d552d;2018-03-12T16:31:00Z;96.78;96.75;96.81;96.74;13083;
99cfdf6a-8b64-44b1-b38e-c831f77d552d;2018-03-12T16:32:00Z;96.75;96.74;96.77;96.74;6221;
99cfdf6a-8b64-44b1-b38e-c831f77d552d;2018-03-12T16:33:00Z;96.74;96.71;96.74;96.71;5712;
99cfdf6a-8b64-44b1-b38e-c831f77d552d;2018-03-12T16:34:00Z;96.71;96.75;96.76;96.71;9026;
99cfdf6a-8b64-44b1-b38e-c831f77d552d;2018-03-12T16:35:00Z;96.75;96.67;96.76;96.67;6836;
99cfdf6a-8b64-44b1-b38e-c831f77d552d;2018-03-12T16:36:00Z;96.67;96.68;96.69;96.66;7106;
99cfdf6a-8b64-44b1-b38e-c831f77d552d;2018-03-12T16:37:00Z;96.67;96.63;96.69;96.63;7308;
99cfdf6a-8b64-44b1-b38e-c831f77d552d;2018-03-12T16:38:00Z;96.63;96.68;96.68;96.62;6359;
99cfdf6a-8b64-44b1-b38e-c831f77d552d;2018-03-12T16:39:00Z;96.67;96.64;96.67;96.64;4921;
99cfdf6a-8b64-44b1-b38e-c831f77d552d;2018-03-12T16:40:00Z;96.64;96.73;96.73;96.64;5891;
99cfdf6a-8b64-44b1-b38e-c831f77d552d;2018-03-12T16:41:00Z;96.73;96.75;96.76;96.72;10153;
99cfdf6a-8b64-44b1-b38e-c831f77d552d;2018-03-12T16:42:00Z;96.75;96.75;96.76;96.7;9623;
99cfdf6a-8b64-44b1-b38e-c831f77d552d;2018-03-12T16:43:00Z;96.75;96.72;96.76;96.72;7180;
99cfdf6a-8b64-44b1-b38e-c831f77d552d;2018-03-12T16:44:00Z;96.72;96.78;96.78;96.72;6217;
99cfdf6a-8b64-44b1-b38e-c831f77d552d;2018-03-12T16:45:00Z;96.77;96.8;96.81;96.77;7301;
99cfdf6a-8b64-44b1-b38e-c831f77d552d;2018-03-12T16:46:00Z;96.81;96.79;96.82;96.78;3804;
99cfdf6a-8b64-44b1-b38e-c831f77d552d;2018-03-12T16:47:00Z;96.8;96.83;96.83;96.8;4522;
99cfdf6a-8b64-44b1-b38e-c831f77d552d;2018-03-12T16:48:00Z;96.83;96.81;96.84;96.81;5869;
99cfdf6a-8b64-44b1-b38e-c831f77d552d;2018-03-12T16:49:00Z;96.81;96.77;96.81;96.77;8167;
99cfdf6a-8b64-44b1-b38e-c831f77d552d;2018-03-12T16:50:00Z;96.77;96.78;96.78;96.77;2943;
99cfdf6a-8b64-44b1-b38e-c831f77d552d;2018-03-12T16:51:00Z;96.77;96.76;96.77;96.76;2212;
99cfdf6a-8b64-44b1-b38e-c831f77d552d;2018-03-12T16:52:00Z;96.77;96.78;96.78;96.77;3575;
99cfdf6a-8b64-44b1-b38e-c831f77d552d;2018-03-12T16:53:00Z;96.78;96.78;96.79;96.77;5980;
99cfdf6a-8b64-44b1-b38e-c831f77d552d;2018-03-12T16:54:00Z;96.78;96.78;96.78;96.77;2149;
99cfdf6a-8b64-44b1-b38e-c831f77d552d;2018-03-12T16:55:00Z;96.79;96.8;96.8;96.77;7897;
99cfdf6a-8b64-44b1-b38e-c831f77d552d;2018-03-12T16:56:00Z;96.8;96.78;96.81;96.78;3161;
99cfdf6a-8b64-44b1-b38e-c831f77d552d;2018-03-12T16:57:00Z;96.78;96.71;96.78;96.71;5205;
99cfdf6a-8b64-44b1-b38e-c831f77d552d;2018-03-12T16:58:00Z;96.72;96.77;96.77;96.7;13196;
99cfdf6a-8b64-44b1-b38e-c831f77d552d;2018-03-12T16:59:00Z;96.77;96.76;96.78;96.76;4176;
99cfdf6a-8b64-44b1-b38e-c831f77d552d;2018-03-12T17:00:00Z;96.75;96.78;96.79;96.74;7480;
99cfdf6a-8b64-44b1-b38e-c831f77d552d;2018-03-12T17:01:00Z;96.78;96.81;96.81;96.78;2707;
99cfdf6a-8b64-44b1-b38e-c831f77d552d;2018-03-12T17:02:00Z;96.82;96.88;96.88;96.81;16701;
99cfdf6a-8b64-44b1-b38e-c831f77d552d;2018-03-12T17:03:00Z;96.88;96.89;96.9;96.87;9834;
99cfdf6a-8b64-44b1-b38e-c831f77d552d;2018-03-12T17:04:00Z;96.9;96.94;96.95;96.9;22513;
99cfdf6a-8b64-44b1-b38e-c831f77d552d;2018-03-12T17:05:00Z;96.94;96.97;96.99;96.94;13742;
99cfdf6a-8b64-44b1-b38e-c831f77d552d;2018-03-12T17:06:00Z;96.97;96.97;97;96.96;11900;
99cfdf6a-8b64-44b1-b38e-c831f77d552d;2018-03-12T17:07:00Z;96.97;96.97;96.99;96.96;9526;
99cfdf6a-8b64-44b1-b38e-c831f77d552d;2018-03-12T17:08:00Z;96.97;96.98;96.99;96.96;7229;
99cfdf6a-8b64-44b1-b38e-c831f77d552d;2018-03-12T17:09:00Z;96.98;96.98;96.99;96.97;5661;
99cfdf6a-8b64-44b1-b38e-c831f77d552d;2018-03-12T17:10:00Z;96.99;96.99;97;96.98;5010;
99cfdf6a-8b64-44b1-b38e-c831f77d552d;2018-03-12T17:11:00Z;97;96.98;97;96.98;7696;
99cfdf6a-8b64-44b1-b38e-c831f77d552d;2018-03-12T17:12:00Z;96.98;96.98;96.98;96.96;5556;
99cfdf6a-8b64-44b1-b38e-c831f77d552d;2018-03-12T17:13:00Z;96.98;97.04;97.04;96.98;67938;
99cfdf6a-8b64-44b1-b38e-c831f77d552d;2018-03-12T17:14:00Z;97.04;97.02;97.04;97.01;7840;
99cfdf6a-8b64-44b1-b38e-c831f77d552d;2018-03-12T17:15:00Z;97.03;96.99;97.03;96.99;6397;
99cfdf6a-8b64-44b1-b38e-c831f77d552d;2018-03-12T17:16:00Z;96.99;97.02;97.02;96.98;8990;
99cfdf6a-8b64-44b1-b38e-c831f77d552d;2018-03-12T17:17:00Z;97.02;96.98;97.05;96.98;8693;
99cfdf6a-8b64-44b1-b38e-c831f77d552d;2018-03-12T17:18:00Z;96.98;96.97;96.99;96.97;9292;
99cfdf6a-8b64-44b1-b38e-c831f77d552d;2018-03-12T17:19:00Z;96.97;96.98;96.99;96.97;5545;
99cfdf6a-8b64-44b1-b38e-c831f77d552d;2018-03-12T17:20:00Z;96.98;96.94;96.98;96.94;5878;
99cfdf6a-8b64-44b1-b38e-c831f77d552d;2018-03-12T17:21:00Z;96.94;96.97;96.97;96.94;5761;
99cfdf6a-8b64-44b1-b38e-c831f77d552d;2018-03-12T17:22:00Z;96.97;96.96;96.97;96.96;3423;
99cfdf6a-8b64-44b1-b38e-c831f77d552d;2018-03-12T17:23:00Z;96.96;96.96;96.97;96.96;7292;
99cfdf6a-8b64-44b1-b38e-c831f77d552d;2018-03-12T17:24:00Z;96.96;96.98;96.98;96.96;5529;
99cfdf6a-8b64-44b1-b38e-c831f77d552d;2018-03-12T17:25:00Z;96.99;97.01;97.01;96.99;8563;
99cfdf6a-8b64-44b1-b38e-c831f77d552d;2018-03-12T17:26:00Z;97.02;97.02;97.03;97.02;6713;
99cfdf6a-8b64-44b1-b38e-c831f77d552d;2018-03-12T17:27:00Z;97.02;97;97.04;97;10008;
99cfdf6a-8b64-44b1-b38e-c831f77d552d;2018-03-12T17:28:00Z;97.01;97.03;97.03;97.01;2765;
99cfdf6a-8b64-44b1-b38e-c831f77d552d;2018-03-12T17:29:00Z;97.02;97.01;97.02;97;10415;
99cfdf6a-8b64-44b1-b38e-c831f77d552d;2018-03-12T17:30:00Z;97;96.98;97;96.96;7869;
99cfdf6a-8b64-44b1-b38e-c831f77d552d;2018-03-12T17:31:00Z;96.99;96.96;96.99;96.96;7471;
99cfdf6a-8b64-44b1-b38e-c831f77d552d;2018-03-12T17:32:00Z;96.97;96.98;96.98;96.97;3651;
99cfdf6a-8b64-44b1-b38e-c831f77d552d;2018-03-12T17:33:00Z;96.98;97.04;97.04;96.98;3710;
99cfdf6a-8b64-44b1-b38e-c831f77d552d;2018-03-12T17:34:00Z;97.05;97.07;97.07;97.05;8628;
99cfdf6a-8b64-44b1-b38e-c831f77d552d;2018-03-12T17:35:00Z;97.07;97.08;97.08;97.05;9179;
99cfdf6a-8b64-44b1-b38e-c831f77d552d;2018-03-12T17:36:00Z;97.09;97.11;97.12;97.09;9997;
99cfdf6a-8b64-44b1-b38e-c831f77d552d;2018-03-12T17:37:00Z;97.1;97.11;97.12;97.1;8010;
99cfdf6a-8b64-44b1-b38e-c831f77d552d;2018-03-12T17:38:00Z;97.11;97.1;97.11;97.1;5277;
99cfdf6a-8b64-44b1-b38e-c831f77d552d;2018-03-12T17:39:00Z;97.09;97.09;97.09;97.07;15088;
99cfdf6a-8b64-44b1-b38e-c831f77d552d;2018-03-12T17:40:00Z;97.1;97.08;97.12;97.07;9796;
99cfdf6a-8b64-44b1-b38e-c831f77d552d;2018-03-12T17:41:00Z;97.09;97.1;97.12;97.09;8274;
99cfdf6a-8b64-44b1-b38e-c831f77d552d;2018-03-12T17:42:00Z;97.11;97.07;97.12;97.07;9895;
99cfdf6a-8b64-44b1-b38e-c831f77d552d;2018-03-12T17:43:00Z;97.07;97.06;97.07;97.04;5980;
99cfdf6a-8b64-44b1-b38e-c831f77d552d;2018-03-12T17:44:00Z;97.04;97.02;97.04;97.02;9958;
99cfdf6a-8b64-44b1-b38e-c831f77d552d;2018-03-12T17:45:00Z;97.02;97.02;97.06;97.02;6482;
99cfdf6a-8b64-44b1-b38e-c831f77d552d;2018-03-12T17:46:00Z;97.01;97;97.03;97;7086;
99cfdf6a-8b64-44b1-b38e-c831f77d552d;2018-03-12T17:47:00Z;97;97.01;97.02;97;9840;
99cfdf6a-8b64-44b1-b38e-c831f77d552d;2018-03-12T17:48:00Z;97.01;97.06;97.06;96.99;20017;
99cfdf6a-8b64-44b1-b38e-c831f77d552d;2018-03-12T17:49:00Z;97.06;97.07;97.07;97.05;13678;
99cfdf6a-8b64-44b1-b38e-c831f77d552d;2018-03-12T17:50:00Z;97.07;97.04;97.07;97.01;8951;
99cfdf6a-8b64-44b1-b38e-c831f77d552d;2018-03-12T17:51:00Z;97.04;97.06;97.07;97.03;7862;
99cfdf6a-8b64-44b1-b38e-c831f77d552d;2018-03-12T17:52:00Z;97.06;97.04;97.06;97.04;4046;
99cfdf6a-8b64-44b1-b38e-c831f77d552d;2018-03-12T17:53:00Z;97.04;97.02;97.04;97.01;8996;
99cfdf6a-8b64-44b1-b38e-c831f77d552d;2018-03-12T17:54:00Z;97.02;97.01;97.03;97.01;5216;
99cfdf6a-8b64-44b1-b38e-c831f77d552d;2018-03-12T17:55:00Z;97.02;97.02;97.02;97.02;4404;
99cfdf6a-8b64-44b1-b38e-c831f77d552d;2018-03-12T17:56:00Z;97.02;97.03;97.06;97.02;14692;
99cfdf6a-8b64-44b1-b38e-c831f77d552d;2018-03-12T17:57:00Z;97.03;97;97.03;96.98;12025;
99cfdf6a-8b64-44b1-b38e-c831f77d552d;2018-03-12T17:58:00Z;97;97.02;97.02;96.98;7394;
99cfdf6a-8b64-44b1-b38e-c831f77d552d;2018-03-12T17:59:00Z;97.02;96.94;97.03;96.94;9881;
99cfdf6a-8b64-44b1-b38e-c831f77d552d;2018-03-12T18:00:00Z;96.95;97;97.02;96.95;10244;
99cfdf6a-8b64-44b1-b38e-c831f77d552d;2018-03-12T18:01:00Z;97;97.02;97.02;97;5556;
99cfdf6a-8b64-44b1-b38e-c831f77d552d;2018-03-12T18:02:00Z;97.01;97.05;97.05;97.01;8144;
99cfdf6a-8b64-44b1-b38e-c831f77d552d;2018-03-12T18:03:00Z;97.05;97.04;97.06;97.04;4937;
99cfdf6a-8b64-44b1-b38e-c831f77d552d;2018-03-12T18:04:00Z;97.05;97.09;97.09;97.05;8970;
99cfdf6a-8b64-44b1-b38e-c831f77d552d;2018-03-12T18:05:00Z;97.08;97.03;97.08;97.03;9437;
99cfdf6a-8b64-44b1-b38e-c831f77d552d;2018-03-12T18:06:00Z;97.04;97.07;97.07;97.04;4756;
99cfdf6a-8b64-44b1-b38e-c831f77d552d;2018-03-12T18:07:00Z;97.07;97.03;97.07;97.03;7523;
99cfdf6a-8b64-44b1-b38e-c831f77d552d;2018-03-12T18:08:00Z;97.03;97;97.05;96.99;9384;
99cfdf6a-8b64-44b1-b38e-c831f77d552d;2018-03-12T18:09:00Z;97.01;97.01;97.02;97;6281;
99cfdf6a-8b64-44b1-b38e-c831f77d552d;2018-03-12T18:10:00Z;97;96.93;97;96.93;12289;
99cfdf6a-8b64-44b1-b38e-c831f77d552d;2018-03-12T18:11:00Z;96.93;96.93;96.96;96.92;9065;
99cfdf6a-8b64-44b1-b38e-c831f77d552d;2018-03-12T18:12:00Z;96.93;96.88;96.93;96.87;10723;
99cfdf6a-8b64-44b1-b38e-c831f77d552d;2018-03-12T18:13:00Z;96.88;96.86;96.89;96.84;15152;
99cfdf6a-8b64-44b1-b38e-c831f77d552d;2018-03-12T18:14:00Z;96.86;96.86;96.86;96.81;12772;
99cfdf6a-8b64-44b1-b38e-c831f77d552d;2018-03-12T18:15:00Z;96.86;96.84;96.89;96.83;7864;
99cfdf6a-8b64-44b1-b38e-c831f77d552d;2018-03-12T18:16:00Z;96.84;96.84;96.88;96.83;10532;
99cfdf6a-8b64-44b1-b38e-c831f77d552d;2018-03-12T18:17:00Z;96.84;96.82;96.85;96.82;8053;
99cfdf6a-8b64-44b1-b38e-c831f77d552d;2018-03-12T18:18:00Z;96.82;96.83;96.84;96.81;9334;
99cfdf6a-8b64-44b1-b38e-c831f77d552d;2018-03-12T18:19:00Z;96.83;96.84;96.84;96.82;5953;
99cfdf6a-8b64-44b1-b38e-c831f77d552d;2018-03-12T18:20:00Z;96.84;96.87;96.87;96.84;9626;
99cfdf6a-8b64-44b1-b38e-c831f77d552d;2018-03-12T18:21:00Z;96.88;96.88;96.92;96.88;8167;
99cfdf6a-8b64-44b1-b38e-c831f77d552d;2018-03-12T18:22:00Z;96.87;96.82;96.87;96.82;5627;
99cfdf6a-8b64-44b1-b38e-c831f77d552d;2018-03-12T18:23:00Z;96.82;96.83;96.83;96.82;6028;
99cfdf6a-8b64-44b1-b38e-c831f77d552d;2018-03-12T18:24:00Z;96.83;96.81;96.85;96.81;5276;
99cfdf6a-8b64-44b1-b38e-c831f77d552d;2018-03-12T18:25:00Z;96.82;96.84;96.84;96.81;5574;
99cfdf6a-8b64-44b1-b38e-c831f77d552d;2018-03-12T18:26:00Z;96.83;96.83;96.83;96.82;5132;
99cfdf6a-8b64-44b1-b38e-c831f77d552d;2018-03-12T18:27:00Z;96.82;96.81;96.82;96.81;6307;
99cfdf6a-8b64-44b1-b38e-c831f77d552d;2018-03-12T18:28:00Z;96.81;96.79;96.83;96.79;12467;
99cfdf6a-8b64-44b1-b38e-c831f77d552d;2018-03-12T18:29:00Z;96.8;96.78;96.81;96.77;7566;
99cfdf6a-8b64-44b1-b38e-c831f77d552d;2018-03-12T18:30:00Z;96.79;96.81;96.81;96.76;9276;
99cfdf6a-8b64-44b1-b38e-c831f77d552d;2018-03-12T18:31:00Z;96.81;96.79;96.83;96.79;10737;
99cfdf6a-8b64-44b1-b38e-c831f77d552d;2018-03-12T18:32:00Z;96.78;96.75;96.78;96.73;11885;
99cfdf6a-8b64-44b1-b38e-c831f77d552d;2018-03-12T18:33:00Z;96.74;96.75;96.76;96.74;7083;
99cfdf6a-8b64-44b1-b38e-c831f77d552d;2018-03-12T18:34:00Z;96.75;96.77;96.77;96.72;8274;
99cfdf6a-8b64-44b1-b38e-c831f77d552d;2018-03-12T18:35:00Z;96.77;96.76;96.77;96.76;6185;
99cfdf6a-8b64-44b1-b38e-c831f77d552d;2018-03-12T18:36:00Z;96.76;96.78;96.78;96.76;4910;
99cfdf6a-8b64-44b1-b38e-c831f77d552d;2018-03-12T18:37:00Z;96.78;96.77;96.82;96.77;13877;
99cfdf6a-8b64-44b1-b38e-c831f77d552d;2018-03-12T18:38:00Z;96.77;96.73;96.77;96.71;18879;
99cfdf6a-8b64-44b1-b38e-c831f77d552d;2018-03-12T18:39:00Z;96.74;96.77;96.78;96.74;7303;
99cfdf6a-8b64-44b1-b38e-c831f77d552d;2018-03-12T18:40:00Z;96.78;96.76;96.79;96.76;6963;
99cfdf6a-8b64-44b1-b38e-c831f77d552d;2018-03-12T18:41:00Z;96.75;96.72;96.75;96.72;5387;
99cfdf6a-8b64-44b1-b38e-c831f77d552d;2018-03-12T18:42:00Z;96.72;96.68;96.72;96.66;26810;
99cfdf6a-8b64-44b1-b38e-c831f77d552d;2018-03-12T18:43:00Z;96.69;96.62;96.71;96.61;10426;
99cfdf6a-8b64-44b1-b38e-c831f77d552d;2018-03-12T18:44:00Z;96.63;96.63;96.64;96.58;12328;
99cfdf6a-8b64-44b1-b38e-c831f77d552d;2018-03-12T18:45:00Z;96.64;96.63;96.66;96.63;15263;
99cfdf6a-8b64-44b1-b38e-c831f77d552d;2018-03-12T18:46:00Z;96.63;96.63;96.65;96.62;4610;
99cfdf6a-8b64-44b1-b38e-c831f77d552d;2018-03-12T18:47:00Z;96.64;96.62;96.65;96.62;9474;
99cfdf6a-8b64-44b1-b38e-c831f77d552d;2018-03-12T18:48:00Z;96.62;96.61;96.64;96.61;6715;
99cfdf6a-8b64-44b1-b38e-c831f77d552d;2018-03-12T18:49:00Z;96.61;96.63;96.64;96.61;4501;
99cfdf6a-8b64-44b1-b38e-c831f77d552d;2018-03-12T18:50:00Z;96.63;96.63;96.68;96.63;11516;
99cfdf6a-8b64-44b1-b38e-c831f77d552d;2018-03-12T18:51:00Z;96.63;96.65;96.65;96.62;6520;
99cfdf6a-8b64-44b1-b38e-c831f77d552d;2018-03-12T18:52:00Z;96.65;96.68;96.7;96.65;8266;
99cfdf6a-8b64-44b1-b38e-c831f77d552d;2018-03-12T18:53:00Z;96.68;96.74;96.74;96.68;8722;
99cfdf6a-8b64-44b1-b38e-c831f77d552d;2018-03-12T18:54:00Z;96.73;96.7;96.73;96.68;9228;
99cfdf6a-8b64-44b1-b38e-c831f77d552d;2018-03-12T18:55:00Z;96.7;96.7;96.74;96.7;9435;
99cfdf6a-8b64-44b1-b38e-c831f77d552d;2018-03-12T18:56:00Z;96.7;96.7;96.76;96.7;15960;
99cfdf6a-8b64-44b1-b38e-c831f77d552d;2018-03-12T18:57:00Z;96.7;96.61;96.7;96.6;12124;
99cfdf6a-8b64-44b1-b38e-c831f77d552d;2018-03-12T18:58:00Z;96.62;96.68;96.69;96.62;18855;
99cfdf6a-8b64-44b1-b38e-c831f77d552d;2018-03-12T18:59:00Z;96.67;96.69;96.7;96.67;7576;
99cfdf6a-8b64-44b1-b38e-c831f77d552d;2018-03-12T19:00:00Z;96.69;96.71;96.74;96.66;15116;
99cfdf6a-8b64-44b1-b38e-c831f77d552d;2018-03-12T19:01:00Z;96.71;96.75;96.77;96.71;12498;
99cfdf6a-8b64-44b1-b38e-c831f77d552d;2018-03-12T19:02:00Z;96.76;96.76;96.81;96.75;16420;
99cfdf6a-8b64-44b1-b38e-c831f77d552d;2018-03-12T19:03:00Z;96.77;96.74;96.77;96.74;5337;
99cfdf6a-8b64-44b1-b38e-c831f77d552d;2018-03-12T19:04:00Z;96.75;96.78;96.78;96.73;8559;
99cfdf6a-8b64-44b1-b38e-c831f77d552d;2018-03-12T19:05:00Z;96.77;96.73;96.77;96.72;8526;
99cfdf6a-8b64-44b1-b38e-c831f77d552d;2018-03-12T19:06:00Z;96.74;96.73;96.76;96.73;4389;
99cfdf6a-8b64-44b1-b38e-c831f77d552d;2018-03-12T19:07:00Z;96.72;96.69;96.72;96.69;11009;
99cfdf6a-8b64-44b1-b38e-c831f77d552d;2018-03-12T19:08:00Z;96.69;96.65;96.69;96.65;4770;
99cfdf6a-8b64-44b1-b38e-c831f77d552d;2018-03-12T19:09:00Z;96.66;96.7;96.74;96.66;17717;
99cfdf6a-8b64-44b1-b38e-c831f77d552d;2018-03-12T19:10:00Z;96.69;96.66;96.71;96.66;15576;
99cfdf6a-8b64-44b1-b38e-c831f77d552d;2018-03-12T19:11:00Z;96.67;96.75;96.75;96.67;15348;
99cfdf6a-8b64-44b1-b38e-c831f77d552d;2018-03-12T19:12:00Z;96.75;96.72;96.75;96.72;5775;
99cfdf6a-8b64-44b1-b38e-c831f77d552d;2018-03-12T19:13:00Z;96.72;96.72;96.76;96.72;10375;
99cfdf6a-8b64-44b1-b38e-c831f77d552d;2018-03-12T19:14:00Z;96.72;96.73;96.74;96.72;9054;
99cfdf6a-8b64-44b1-b38e-c831f77d552d;2018-03-12T19:15:00Z;96.74;96.73;96.75;96.72;12736;
99cfdf6a-8b64-44b1-b38e-c831f77d552d;2018-03-12T19:16:00Z;96.73;96.74;96.74;96.71;7819;
99cfdf6a-8b64-44b1-b38e-c831f77d552d;2018-03-12T19:17:00Z;96.74;96.75;96.76;96.74;7005;
99cfdf6a-8b64-44b1-b38e-c831f77d552d;2018-03-12T19:18:00Z;96.75;96.73;96.76;96.73;8446;
99cfdf6a-8b64-44b1-b38e-c831f77d552d;2018-03-12T19:19:00Z;96.73;96.72;96.75;96.72;8248;
99cfdf6a-8b64-44b1-b38e-c831f77d552d;2018-03-12T19:20:00Z;96.72;96.75;96.75;96.71;8356;
99cfdf6a-8b64-44b1-b38e-c831f77d552d;2018-03-12T19:21:00Z;96.74;96.75;96.77;96.73;12109;
99cfdf6a-8b64-44b1-b38e-c831f77d552d;2018-03-12T19:22:00Z;96.76;96.78;96.78;96.76;11536;
99cfdf6a-8b64-44b1-b38e-c831f77d552d;2018-03-12T19:23:00Z;96.77;96.78;96.78;96.76;8737;
99cfdf6a-8b64-44b1-b38e-c831f77d552d;2018-03-12T19:24:00Z;96.78;96.81;96.81;96.75;30798;
99cfdf6a-8b64-44b1-b38e-c831f77d552d;2018-03-12T19:25:00Z;96.81;96.84;96.84;96.8;19682;
99cfdf6a-8b64-44b1-b38e-c831f77d552d;2018-03-12T19:26:00Z;96.84;96.8;96.84;96.8;7373;
99cfdf6a-8b64-44b1-b38e-c831f77d552d;2018-03-12T19:27:00Z;96.8;96.79;96.8;96.76;20294;
99cfdf6a-8b64-44b1-b38e-c831f77d552d;2018-03-12T19:28:00Z;96.78;96.81;96.81;96.78;9409;
99cfdf6a-8b64-44b1-b38e-c831f77d552d;2018-03-12T19:29:00Z;96.8;96.82;96.83;96.8;8799;
99cfdf6a-8b64-44b1-b38e-c831f77d552d;2018-03-12T19:30:00Z;96.82;96.9;96.92;96.8;22376;
99cfdf6a-8b64-44b1-b38e-c831f77d552d;2018-03-12T19:31:00Z;96.9;96.89;96.92;96.88;22076;
99cfdf6a-8b64-44b1-b38e-c831f77d552d;2018-03-12T19:32:00Z;96.88;96.92;96.94;96.88;14839;
99cfdf6a-8b64-44b1-b38e-c831f77d552d;2018-03-12T19:33:00Z;96.93;96.93;96.93;96.91;12443;
99cfdf6a-8b64-44b1-b38e-c831f77d552d;2018-03-12T19:34:00Z;96.93;96.96;96.96;96.92;20494;
99cfdf6a-8b64-44b1-b38e-c831f77d552d;2018-03-12T19:35:00Z;96.96;96.94;96.96;96.91;12873;
99cfdf6a-8b64-44b1-b38e-c831f77d552d;2018-03-12T19:36:00Z;96.95;96.95;96.99;96.93;26286;
99cfdf6a-8b64-44b1-b38e-c831f77d552d;2018-03-12T19:37:00Z;96.96;96.96;96.97;96.92;16724;
99cfdf6a-8b64-44b1-b38e-c831f77d552d;2018-03-12T19:38:00Z;96.96;96.96;96.96;96.94;9478;
99cfdf6a-8b64-44b1-b38e-c831f77d552d;2018-03-12T19:39:00Z;96.95;96.96;96.96;96.94;7890;
99cfdf6a-8b64-44b1-b38e-c831f77d552d;2018-03-12T19:40:00Z;96.96;97.01;97.01;96.95;21695;
99cfdf6a-8b64-44b1-b38e-c831f77d552d;2018-03-12T19:41:00Z;97.01;97.02;97.02;97;9607;
99cfdf6a-8b64-44b1-b38e-c831f77d552d;2018-03-12T19:42:00Z;97.02;97.05;97.06;97.02;16043;
99cfdf6a-8b64-44b1-b38e-c831f77d552d;2018-03-12T19:43:00Z;97.04;97.02;97.04;97.02;6229;
99cfdf6a-8b64-44b1-b38e-c831f77d552d;2018-03-12T19:44:00Z;97.02;97.06;97.08;97;14981;
99cfdf6a-8b64-44b1-b38e-c831f77d552d;2018-03-12T19:45:00Z;97.06;97.14;97.15;97.06;26250;
99cfdf6a-8b64-44b1-b38e-c831f77d552d;2018-03-12T19:46:00Z;97.14;97.11;97.14;97.11;18760;
99cfdf6a-8b64-44b1-b38e-c831f77d552d;2018-03-12T19:47:00Z;97.12;97.14;97.14;97.11;13511;
99cfdf6a-8b64-44b1-b38e-c831f77d552d;2018-03-12T19:48:00Z;97.14;97.18;97.19;97.12;41762;
99cfdf6a-8b64-44b1-b38e-c831f77d552d;2018-03-12T19:49:00Z;97.18;97.2;97.21;97.16;26363;
99cfdf6a-8b64-44b1-b38e-c831f77d552d;2018-03-12T19:50:00Z;97.2;97.02;97.2;97;54176;
99cfdf6a-8b64-44b1-b38e-c831f77d552d;2018-03-12T19:51:00Z;97.01;97.02;97.04;96.98;32933;
99cfdf6a-8b64-44b1-b38e-c831f77d552d;2018-03-12T19:52:00Z;97.01;96.98;97.02;96.98;18112;
99cfdf6a-8b64-44b1-b38e-c831f77d552d;2018-03-12T19:53:00Z;96.98;97;97.01;96.97;28568;
99cfdf6a-8b64-44b1-b38e-c831f77d552d;2018-03-12T19:54:00Z;96.99;96.92;96.99;96.89;33271;
99cfdf6a-8b64-44b1-b38e-c831f77d552d;2018-03-12T19:55:00Z;96.91;96.92;96.97;96.91;37613;
99cfdf6a-8b64-44b1-b38e-c831f77d552d;2018-03-12T19:56:00Z;96.93;96.94;96.95;96.9;37823;
99cfdf6a-8b64-44b1-b38e-c831f77d552d;2018-03-12T19:57:00Z;96.94;96.98;96.98;96.94;40728;
99cfdf6a-8b64-44b1-b38e-c831f77d552d;2018-03-12T19:58:00Z;96.98;97.02;97.02;96.98;55961;
99cfdf6a-8b64-44b1-b38e-c831f77d552d;2018-03-12T19:59:00Z;97.02;96.77;97.05;96.76;216957;
99cfdf6a-8b64-44b1-b38e-c831f77d552d;2018-03-12T20:00:00Z;96.77;96.86;96.87;96.77;2018479;
99cfdf6a-8b64-44b1-b38e-c831f77d552d;2018-03-12T20:01:00Z;96.84;96.83;96.84;96.83;6714;
99cfdf6a-8b64-44b1-b38e-c831f77d552d;2018-03-12T20:02:00Z;96.83;96.85;96.85;96.83;1227;
99cfdf6a-8b64-44b1-b38e-c831f77d552d;2018-03-12T20:03:00Z;96.82;96.78;96.82;96.78;300;
99cfdf6a-8b64-44b1-b38e-c831f77d552d;2018-03-12T20:04:00Z;96.75;96.75;96.75;96.75;2;
99cfdf6a-8b64-44b1-b38e-c831f77d552d;2018-03-12T20:05:00Z;96.77;96.77;96.77;96.77;100;
99cfdf6a-8b64-44b1-b38e-c831f77d552d;2018-03-12T20:06:00Z;96.76;96.7;96.76;96.68;15502;
99cfdf6a-8b64-44b1-b38e-c831f77d552d;2018-03-12T20:07:00Z;96.68;96.6;96.68;96.6;2400;
99cfdf6a-8b64-44b1-b38e-c831f77d552d;2018-03-12T20:08:00Z;96.6;96.64;96.64;96.6;1501;
99cfdf6a-8b64-44b1-b38e-c831f77d552d;2018-03-12T20:09:00Z;96.65;96.65;96.65;96.65;1500;
99cfdf6a-8b64-44b1-b38e-c831f77d552d;2018-03-12T20:10:00Z;96.65;96.7;96.7;96.65;2200;
99cfdf6a-8b64-44b1-b38e-c831f77d552d;2018-03-12T20:11:00Z;96.7;96.7;96.7;96.7;9063;
99cfdf6a-8b64-44b1-b38e-c831f77d552d;2018-03-12T20:13:00Z;96.7;96.7;96.7;96.7;100;
99cfdf6a-8b64-44b1-b38e-c831f77d552d;2018-03-12T20:21:00Z;96.7;96.7;96.7;96.7;1;
99cfdf6a-8b64-44b1-b38e-c831f77d552d;2018-03-12T20:26:00Z;96.7;96.7;96.7;96.7;10;
99cfdf6a-8b64-44b1-b38e-c831f77d552d;2018-03-12T20:27:00Z;96.7;96.7;96.7;96.7;67;
99cfdf6a-8b64-44b1-b38e-c831f77d552d;2018-03-12T20:59:00Z;96.7;96.7;96.7;96.7;10;
99cfdf6a-8b64-44b1-b38e-c831f77d552d;2018-03-12T21:03:00Z;96.7;96.7;96.7;96.7;1;
99cfdf6a-8b64-44b1-b38e-c831f77d552d;2018-03-12T21:05:00Z;96.69;96.69;96.69;96.69;12;
99cfdf6a-8b64-44b1-b38e-c831f77d552d;2018-03-12T21:06:00Z;96.69;96.69;96.69;96.69;2;
99cfdf6a-8b64-44b1-b38e-c831f77d552d;2018-03-12T21:12:00Z;96.62;96.62;96.62;96.62;100;
99cfdf6a-8b64-44b1-b38e-c831f77d552d;2018-03-12T21:42:00Z;96.69;96.69;96.69;96.69;1;
99cfdf6a-8b64-44b1-b38e-c831f77d552d;2018-03-12T21:49:00Z;96.7;96.7;96.7;96.7;6;
99cfdf6a-8b64-44b1-b38e-c831f77d552d;2018-03-12T21:56:00Z;96.69;96.69;96.69;96.69;50;
99cfdf6a-8b64-44b1-b38e-c831f77d552d;2018-03-12T22:01:00Z;96.7;96.7;96.7;96.7;203;
99cfdf6a-8b64-44b1-b38e-c831f77d552d;2018-03-12T23:45:00Z;96.79;96.79;96.79;96.79;100;
